{"train_loss": [0.4580954567396215, 0.34980086609721184, 0.3495647247348513, 0.2614901521509247, 0.21539676064691907, 0.17913833991873876, 0.17137103567698173, 0.1657603300575699, 0.15393663231485075, 0.11244308995082974, 0.11857434049514788, 0.10649934841161926, 0.11438154387750339, 0.07519645638447921, 0.0824027764589508], "train_acc": [75.57603686635944, 84.7926267281106, 86.63594470046083, 92.16589861751152, 92.62672811059907, 96.31336405529954, 96.7741935483871, 97.23502304147465, 97.6958525345622, 100.0, 99.53917050691244, 99.07834101382488, 98.61751152073732, 99.53917050691244, 99.53917050691244], "val_loss": [0.2771183167185102, 0.1825984482254301, 0.12319589193378176, 0.10820289381912776, 0.09513290971517563, 0.07796454110315867, 0.05102599013064589, 0.05119891172008855, 0.04953234163778169, 0.038937145578009744, 0.027881212665566375, 0.02387362439185381, 0.029210623087627546, 0.016634915356657336, 0.016851444861718586], "val_acc": [100.0, 100.0, 100.0, 100.0, 100.0, 100.0, 100.0, 100.0, 100.0, 100.0, 100.0, 100.0, 100.0, 100.0, 100.0]}