{"train_loss": [0.5844361532818187, 0.4313074214891954, 0.2908121640031988, 0.17221248969435693, 0.11281010237607089, 0.08825417482717471, 0.062131549248641185, 0.05022663143886761, 0.03215534921989522, 0.025867359204725784, 0.01929178503765301, 0.020158913784491066, 0.015154411700892855, 0.01850756258195774, 0.012406209180004556], "train_acc": [81.5668202764977, 93.08755760368663, 97.6958525345622, 100.0, 100.0, 100.0, 100.0, 100.0, 100.0, 100.0, 100.0, 100.0, 100.0, 100.0, 100.0], "val_loss": [0.42355731981141226, 0.2712214993579047, 0.15129352893148149, 0.0810611540717738, 0.05074969173542091, 0.034480417147278786, 0.023578407375940254, 0.014384092829589332, 0.010963143847350563, 0.008570802198456866, 0.005827014633853521, 0.00457061012275517, 0.003987198945001832, 0.0032740144025800483, 0.002715705503110907], "val_acc": [100.0, 100.0, 100.0, 100.0, 100.0, 100.0, 100.0, 100.0, 100.0, 100.0, 100.0, 100.0, 100.0, 100.0, 100.0]}