Model,Accuracy,Loss
CNN,50.0,17.183481852213543
LSTM,50.0,4.266879399617513
